{
  "restaurant": [
    "beverage",
    "bar",
    "taste",
    "bistro",
    "tasty",
    "dessert",
    "olive",
    "ice cream",
    "cuisine",
    "takeaway",
    "roast",
    "soda",
    "fish",
    "swallow",
    "tongue",
    "devour",
    "pork",
    "lobster",
    "thanksgiving",
    "eat",
    "mcdonald",
    "ham",
    "appetite",
    "pasta",
    "seafooder",
    "egg",
    "risotto",
    "rice",
    "liquor",
    "bread",
    "buffet",
    "serve",
    "dish",
    "brunch",
    "feast",
    "chopsticks",
    "coffee shop",
    "oyster",
    "dine",
    "bite",
    "restaurant",
    "spaghetti",
    "pudding",
    "food",
    "dining",
    "burger",
    "plate",
    "fried",
    "pizzeria",
    "chicken",
    "vegetable",
    "chew",
    "grill",
    "barbecue",
    "beef",
    "steak",
    "cook",
    "bbq",
    "stomach",
    "cafe",
    "toast",
    "banquet",
    "sandwich",
    "curry",
    "cocktail",
    "pie",
    "bacon",
    "treat",
    "hunger",
    "bowl",
    "lunch",
    "dinner",
    "pizza",
    "stew",
    "menu",
    "drink",
    "tea",
    "season",
    "cafeteria",
    "salmon",
    "meat",
    "cake",
    "chef",
    "salad",
    "wine",
    "waffle",
    "date",
    "omelet",
    "sushi",
    "meal",
    "soup"
  ],
  "hotel": [
    "blanket",
    "trip",
    "shower",
    "rent",
    "residence",
    "guesthouse",
    "inn",
    "room key",
    "travel",
    "sheets",
    "check in",
    "expedition",
    "room service",
    "breakfast",
    "b & b",
    "sleep",
    "all-night",
    "hostel",
    "book a room",
    "stay",
    "lodge",
    "pack",
    "wake up",
    "rest",
    "accomodate",
    "tired",
    "fatigue",
    "motel",
    "guest",
    "slumber",
    "hotel",
    "resort",
    "vacation",
    "destination",
    "pillow",
    "overnight",
    "towel",
    "relax",
    "journey",
    "bed",
    "suite",
    "tourist",
    "exhausted",
    "check out",
    "lobby"
  ],
  "movie": [
    "imdb",
    "fantasy",
    "trailer",
    "media product",
    "cinema",
    "filmography",
    "cartoon",
    "fiction",
    "role",
    "thriller",
    "movie",
    "theater",
    "requel",
    "threatre",
    "poster",
    "debut",
    "adventure",
    "3D",
    "direct",
    "scene",
    "television",
    "see a story",
    "tv",
    "quotation",
    "picture",
    "film",
    "documentary",
    "ending",
    "drama",
    "fanwork",
    "popcorn",
    "motion",
    "romantic",
    "star",
    "character",
    "horror",
    "actor",
    "subtitle",
    "script",
    "show",
    "musical",
    "comedy",
    "sequel",
    "animation",
    "preview",
    "screen",
    "auditorium",
    "soundtrack",
    "entertainment"
  ],
  "song": [
    "rhythm",
    "classical",
    "cd",
    "singer",
    "punk",
    "choir",
    "instrumental",
    "music",
    "chorus",
    "tune",
    "melody",
    "opera",
    "sing",
    "hum",
    "drum",
    "rhyme",
    "vocal",
    "recording",
    "rap",
    "piano",
    "studio",
    "verse",
    "lyrics",
    "jam",
    "concert",
    "radio",
    "guitar",
    "album",
    "pop",
    "song",
    "audio",
    "duo",
    "chord",
    "jazz",
    "orchestra",
    "band",
    "rock",
    "karaoke",
    "musician",
    "musical",
    "symphony",
    "lullaby",
    "top hits"
  ],
  "transportation": [
    "automobile",
    "vehicle",
    "trip",
    "taxi",
    "car",
    "plane",
    "ship",
    "road",
    "travel",
    "subway",
    "bus",
    "transportation",
    "rail",
    "delivery",
    "passenger",
    "traffic",
    "boat",
    "airplane",
    "flight",
    "railway",
    "ride",
    "train",
    "airline",
    "miles",
    "navigate",
    "airport",
    "vacation",
    "jet",
    "cab",
    "fly",
    "highway",
    "destination",
    "station",
    "railroad",
    "metro",
    "journey",
    "bicycle",
    "ticket",
    "somewhere",
    "aboard"
  ],
  "attraction": [
    "map",
    "park",
    "hill",
    "trip",
    "zoo",
    "landmark",
    "beach",
    "festival",
    "travel",
    "view",
    "national park",
    "island",
    "museum",
    "tower",
    "landscape",
    "mountain",
    "ceremonial",
    "tour",
    "memorial",
    "landmark",
    "adventure",
    "circuit",
    "amusement park",
    "honeymoon",
    "camp",
    "castle",
    "lake",
    "hall",
    "temple",
    "sightsee",
    "resort",
    "roadtrip",
    "theme park",
    "statue",
    "vacation",
    "holiday",
    "relax",
    "historical",
    "journey",
    "monument"
  ]
}
